old_url,new_url,notes
https://www.lenergiedesrunes.com/,https://www.lenergiedesrunes.com/,home conservee
https://www.lenergiedesrunes.com/tirages-de-runes,https://www.lenergiedesrunes.com/guidances-runiques/,page service principale
https://www.lenergiedesrunes.com/service-tirages-de-runes,https://www.lenergiedesrunes.com/guidances-runiques/,fusion page proche
https://www.lenergiedesrunes.com/prendre-rdv-runes,https://www.lenergiedesrunes.com/reserver/,centraliser conversion
https://www.lenergiedesrunes.com/soins-energetiques-venelles,https://www.lenergiedesrunes.com/soins-energetiques-en-ligne/,pivot online first
https://www.lenergiedesrunes.com/soins-energetiques-lenergie-des-runes,https://www.lenergiedesrunes.com/soins-energetiques-en-ligne/,fusion page proche
https://www.lenergiedesrunes.com/les-soins-energetiques,https://www.lenergiedesrunes.com/soins-energetiques-en-ligne/,fusion page proche
https://www.lenergiedesrunes.com/nettoyage-de-lieu,https://www.lenergiedesrunes.com/soins-energetiques-en-ligne/,a reevaluer selon offre finale
https://www.lenergiedesrunes.com/liberation-energetique-nettoyage-des-entites,https://www.lenergiedesrunes.com/soins-energetiques-en-ligne/,a reevaluer selon offre finale
https://www.lenergiedesrunes.com/lecture-des-vies-anterieures,https://www.lenergiedesrunes.com/guidances-runiques/,ou page dediee si offre maintenue
https://www.lenergiedesrunes.com/mediumnite-et-voyance,https://www.lenergiedesrunes.com/guidances-runiques/,clarifier offre
https://www.lenergiedesrunes.com/ateliers,https://www.lenergiedesrunes.com/ateliers-runes-en-ligne/,pivot online first
https://www.lenergiedesrunes.com/a-propos-tirages-de-runes-venelles,https://www.lenergiedesrunes.com/a-propos/,slug simplifie
https://www.lenergiedesrunes.com/contactez-lenergie-des-runes-a-venelles,https://www.lenergiedesrunes.com/contact/,slug simplifie
https://www.lenergiedesrunes.com/blog-energie-des-runes,https://www.lenergiedesrunes.com/blog/,slug simplifie
https://www.lenergiedesrunes.com/boutique-lenergie-des-runes,https://www.lenergiedesrunes.com/boutique/,slug simplifie
https://www.lenergiedesrunes.com/bracelets-runiques,https://www.lenergiedesrunes.com/boutique/,fusion boutique
https://www.lenergiedesrunes.com/bracelet-runique-intuitif,https://www.lenergiedesrunes.com/boutique/,produit ou categorie WooCommerce
https://www.lenergiedesrunes.com/-bracelets-runiques-intuitifs-,https://www.lenergiedesrunes.com/boutique/,slug a nettoyer
https://www.lenergiedesrunes.com/-bracelet-runique-dequilibre-spirituel-,https://www.lenergiedesrunes.com/boutique/,slug a nettoyer
https://www.lenergiedesrunes.com/-bracelet-runique-force-et-courage-,https://www.lenergiedesrunes.com/boutique/,slug a nettoyer
https://www.lenergiedesrunes.com/le-petit-guide-des-runes-symboles-energies-tirages,https://www.lenergiedesrunes.com/le-petit-guide-des-runes/,landing livre
https://www.lenergiedesrunes.com/privacy-policy,https://www.lenergiedesrunes.com/politique-de-confidentialite/,page legale
